channel,c0,c1,c2,c3,c4,temperature_sensor,correction_formula,corrected_signal_definition
Rx1Tx1,0.6952085988953896,-0.021822771399044455,0.0037091753271136572,-0.0002082564521397378,0.000003245923482062673,T7,"c0 + c1*T7 + c2*T7^2 + c3*T7^3 + c4*T7^4","channel_tc = channel_raw / correction_formula"
Rx1Tx2,-0.0692884241972798,0.010234319131273829,-0.0010987231115144628,0.00004696490232034503,-0.0000006960118543105261,T7,"c0 + c1*T7 + c2*T7^2 + c3*T7^3 + c4*T7^4","channel_tc = channel_raw / correction_formula"
Rx2Tx1,-0.048660102229808155,0.006857199971676996,-0.0007691346333861185,0.00003385840046021632,-0.0000005129374107218218,T7,"c0 + c1*T7 + c2*T7^2 + c3*T7^3 + c4*T7^4","channel_tc = channel_raw / correction_formula"
Rx2Tx2,0.8917009154106912,0.037810097379146014,-0.00424490665181043,0.0001020512497149748,-0.0000007465580911868695,T7,"c0 + c1*T7 + c2*T7^2 + c3*T7^3 + c4*T7^4","channel_tc = channel_raw / correction_formula"
